Water World,,,% total global water,% global fresh water,% biological water,,,Global water volume,Fresh water in each (L),How many in the world,Square root (m3)
- = NA,,cubic km (km3),,,,cubic metres (m3),,litres (L)
,,1 cubic kilometre = 1 000 000 000 cubic metres,,,,1 cubic metre = 1000 litres,,1L = 1000cm3 = 0.001 cubic metres
"Total global water ",,"1,385,920,458",100.00,-,-,"1,385,920,458,475,000,000",,"1,385,920,458,475,000,000,000",-,-,"1,177,251,230"
Total salt water,,"1,350,955,400",97.48,-,-,"1,350,955,400,000,000,000",,"1,350,955,400,000,000,000,000",,,"1,162,306,070"
,"Oceans, seas, and bays","1,338,000,000",96.54,-,-,"1,338,000,000,000,000,000",,"1,338,000,000,000,000,000,000",-,-,"1,156,719,499"
,"Groundwater, saline","12,870,000",0.93,-,-,"12,870,000,000,000,000",,"12,870,000,000,000,000,000",-,-,"113,446,022"
,"Lakes, saline","85,400",0.01,-,-,"85,400,000,000,000",,"85,400,000,000,000,000",-,-,"9,241,212"
Total fresh water,,"35,027,990",2.53,100.00,-,"35,027,990,000,000,000",,"35,027,990,000,000,000,000",,,"187,157,661"

Both
,"Groundwater, fresh + saline","23,400,000",1.69,-,-,"23,400,000,000,000,000",,"23,400,000,000,000,000,000",-,-,"152,970,585"
,"Lakes, fresh + saline","176,400",0.01,-,-,"176,400,000,000,000",,"176,400,000,000,000,000",-,-,"13,281,566"
Fresh Water,,,,,,,,,,,0
Total fresh water,,"35,027,990",2.53,100.00,-,"35,027,990,000,000,000",,"35,027,990,000,000,000,000",,,"187,157,661"
,"Ice caps, glaciers, and permanent snow","24,064,000",1.74,68.70,-,"24,064,000,000,000,000",,"24,064,000,000,000,000,000",-,-,"155,125,755"
,"Groundwater, fresh","10,530,000",0.76,30.06,-,"10,530,000,000,000,000",,"10,530,000,000,000,000,000",-,-,"102,615,788"
,Ground ice and permafrost,"300,000",0.02,0.86,-,"300,000,000,000,000",,"300,000,000,000,000,000",-,-,"17,320,508"
,"Lakes, fresh water","91,000",0.01,0.26,-,"91,000,000,000,000",,"91,000,000,000,000,000",-,-,"9,539,392"
,Soil moisture,"16,500",0.001,0.05,-,"16,500,000,000,000",,"16,500,000,000,000,000",-,-,"4,062,019"
,Atmosphere,"12,900",0.001,0.04,-,"12,900,000,000,000",,"12,900,000,000,000,000",-,-,"3,591,657"
,Swamps,"11,470",0.001,0.03,-,"11,470,000,000,000",,"11,470,000,000,000,000",-,-,"3,386,739"
,Rivers,"2,120",0.0002,0.01,-,"2,120,000,000,000",,"2,120,000,000,000,000",-,-,"1,456,022"

,"Falling on land as rain / snow / hail, per year","110,000",0.01,0.31,-,"110,000,000",,"110,000,000,000,000,000",-,-,"10,488"

,Inside organisms,"1,120",0.0001,0.003
,Inside humans,0.2,0.00000001,0.0000006
,Used by humans per year,"9,725",0.001,0.03

Biological Water,,"1,120",,,,"1,120,000,000"

Water within humans,,0.20,0.00,0.000,0.02,"202,611,410",,"202,611,410,496",-,-,"14,234"
,"Human bodies, both sexes",0.20,very small,very small,0.018,"202,611",,"202,611,410,496",-,"7,021,836,029",450
,"Human bodies, males",0.12,very small,very small,0.01,"115,283,875",,"115,283,875,113",33,"3,493,450,761","10,737"
,"Human bodies, females",0.09,very small,very small,0.008,"87,327,535",,"87,327,535,383",24.75,"3,528,385,268","9,345"
,"Human blood, both sexes",0.01,very small,very small,0.001,"13,302,012",,"13,302,012,460",3.77,"3,528,385,268","3,647"
,Human brains - adult human,0.007,very small,very small,0.001,"7,344,840",,"7,344,840,486",1.046,"7,021,836,029","2,710"
,"Human tears, per lifetime",0.10,very small,very small,0.01,"103,409,737",,"103,409,736,579",14.72688,"7,021,836,029","10,169"
,"Human tears, per day",0.00000,very small,very small,0.0000004,"4,213",,"4,213,102",0.0006,"7,021,836,029",65
Water (other organisms)
,Horses,0.02,very small,very small,0.001,"15,491,656",,"15,491,656,200",265,"58,459,080","3,936"
,Pigs,0.05,very small,very small,0.005,"53,122,048",,"53,122,047,770",55,"965,855,414","7,288"
,Blue Whale,0.002,-,-,0.0002,"2,025,000",,"2,025,000,000","405,000","5,000"
,Trees,"586,604",0.042,1.67,"52,375.35","586,603,935,000",,"586,603,935,000,000",50% per tree across different trees & seasons,various sources state it is impossible to estimate actual number - instead calculate surface area covered by trees in world,-
,Insects,12,-,-,1.0893,"12,200,000,000",,"12,200,000,000,000",0.00000122,"10,000,000,000,000,000,000"
,Mammals - no data,,-,-,,,,,75% by vol


Water used by humans,"for drinking, crop irrigation, industrial uses","9,725",very small,0.03,868,"9,725,242,900,165",,"9,725,242,900,165,000","1,385,000","7,021,836,029","3,118,532"

Extraction,"Groundwater extracted, per year, 2000","1,000",very small,0.0029,89,"1,000,000",,"1,000",-,-,"1,000"

Inside things,"Vodka, 1L bottles",0.002,very small,very small,0.00020,"2,272,800",,"2,272,800,000",0.6,"3,788,000,000","1,508"
,Car windscreen washers,0.002,very small,very small,0.00016,"1,827,000",,"1,827,000,000",1.8,"1,015,000,000","1,352"
,Church fonts,0.00006,very small,very small,0.000005,"55,500",,"55,500,000",1.5,"37,000,000",236
,Soft drinks,0.55,very small,very small,0.05,"552,000,000",,"552,000,000,000",-,-,"23,495"
,"Wine produced, per year",0.03,very small,very small,0.002,"26,400,000",,"26,400,000,000",0.75,"35,200,000,000","5,138"
,"Milk, 1L bottles",0.47,very small,very small,0.042,"473,280,000",,"473,280,000,000",0.87,"544,000,000,000","21,755"
,"Beer, 1L bottles",0.15,very small,very small,0.014,"151,608,060",,"151,608,060,000",0.9,"168,453,400,000","12,313"
,Inside Loaves of bread,0.07,very small,very small,0.006,"70,875,000",,"70,875,000,000",0.45,"157,500,000,000","8,419"
,Bananas,0.07,very small,very small,0.006,"68,080,000",,"68,080,000,000",,,"8,251"

Used in production,"Water used by Coca Cola company, per year",0.30,very small,very small,0.026,"295,000,000",,"295,000,000,000",-,-,"17,176"
,Bath tubs,0.09,very small,very small,-,"93,068,000",,"93,068,000,000",106,"878,000,000","9,647"